{
  "$comment": "Pediatric growth-chart LMS reference dataset (WHO 0–24 mo + CDC 2–20 y). GENERATED by scripts/gen-growth-charts.ts from embedded published constants — do NOT hand-edit; edit the source tables in that script and run `npm run gen:growth`. CDC rows are a curated anchor subset (see the script header). REFERENCE CURVES — NOT MEDICAL ADVICE.",
  "whoCdcTransitionMonths": 24,
  "maxAgeMonths": 240,
  "bandPercentiles": [3, 5, 10, 25, 50, 75, 90, 95, 97],
  "charts": {
    "weight": {
      "who": {
        "male": [
          [0, 0.3487, 3.3464, 0.14602],
          [1, 0.2297, 4.4709, 0.13395],
          [2, 0.197, 5.5675, 0.12385],
          [3, 0.1738, 6.3762, 0.11727],
          [4, 0.1553, 7.0023, 0.11316],
          [6, 0.1257, 7.934, 0.10958],
          [9, 0.0891, 8.9462, 0.10944],
          [12, 0.064, 9.6479, 0.11065],
          [18, 0.0059, 10.9385, 0.11539],
          [24, -0.0374, 12.1515, 0.11934]
        ],
        "female": [
          [0, 0.3809, 3.2322, 0.14171],
          [1, 0.1714, 4.1873, 0.13724],
          [2, 0.0962, 5.1282, 0.13],
          [3, 0.0402, 5.8458, 0.12619],
          [4, -0.005, 6.4237, 0.12402],
          [6, -0.0756, 7.297, 0.12204],
          [9, -0.1394, 8.2254, 0.12252],
          [12, -0.1683, 8.9481, 0.12369],
          [18, -0.1959, 10.2315, 0.12712],
          [24, -0.201, 11.4775, 0.13018]
        ]
      },
      "cdc": {
        "male": [
          [24, -0.216, 12.6579, 0.11321],
          [36, -0.3, 14.3455, 0.11559],
          [48, -0.4133, 16.3421, 0.12119],
          [60, -0.5323, 18.4699, 0.12839],
          [72, -0.6453, 20.6981, 0.13653],
          [96, -0.8266, 25.6284, 0.15294],
          [120, -0.912, 31.4413, 0.16691],
          [144, -0.8532, 39.084, 0.17273],
          [156, -0.7591, 43.2347, 0.17064],
          [168, -0.6339, 49.1287, 0.16487],
          [180, -0.5061, 54.2846, 0.15751],
          [192, -0.4013, 58.0912, 0.14979],
          [204, -0.3311, 61.0344, 0.14385],
          [228, -0.2731, 65.4988, 0.13598],
          [240, -0.2624, 67.1601, 0.13391]
        ],
        "female": [
          [24, -0.4664, 12.1332, 0.11726],
          [36, -0.5232, 13.9376, 0.12481],
          [48, -0.6, 15.9805, 0.13298],
          [60, -0.6749, 18.0929, 0.14116],
          [72, -0.7439, 20.2732, 0.14874],
          [96, -0.8574, 25.5892, 0.16204],
          [120, -0.8886, 32.291, 0.16938],
          [144, -0.8065, 40.0576, 0.16825],
          [156, -0.7095, 43.8404, 0.16561],
          [168, -0.5967, 48.1613, 0.16123],
          [180, -0.4894, 51.3856, 0.15653],
          [192, -0.4009, 53.6811, 0.15216],
          [204, -0.3352, 55.3072, 0.14847],
          [228, -0.2653, 57.4066, 0.14278],
          [240, -0.2438, 58.028, 0.14085]
        ]
      }
    },
    "height": {
      "who": {
        "male": [
          [0, 1, 49.8842, 0.03795],
          [1, 1, 54.7244, 0.03557],
          [2, 1, 58.4249, 0.03424],
          [3, 1, 61.4292, 0.03328],
          [4, 1, 63.886, 0.03257],
          [6, 1, 67.6236, 0.03165],
          [9, 1, 71.9687, 0.03086],
          [12, 1, 75.7488, 0.03068],
          [18, 1, 82.2587, 0.03134],
          [24, 1, 87.1161, 0.03227]
        ],
        "female": [
          [0, 1, 49.1477, 0.0379],
          [1, 1, 53.6872, 0.0364],
          [2, 1, 57.0673, 0.03568],
          [3, 1, 59.8029, 0.0352],
          [4, 1, 62.0899, 0.03486],
          [6, 1, 65.7311, 0.03428],
          [9, 1, 70.1435, 0.03398],
          [12, 1, 74.015, 0.03412],
          [18, 1, 80.7079, 0.03569],
          [24, 1, 85.7153, 0.03688]
        ]
      },
      "cdc": {
        "male": [
          [24, 0.9036, 86.4526, 0.04054],
          [36, 0.7973, 95.5106, 0.04102],
          [48, 0.7137, 102.9498, 0.0419],
          [60, 0.6046, 109.9525, 0.04296],
          [72, 0.4863, 116.2634, 0.04416],
          [96, 0.2694, 127.9235, 0.04658],
          [120, 0.1207, 138.4864, 0.04815],
          [144, 0.0654, 149.0966, 0.04907],
          [156, 0.0994, 155.4655, 0.04824],
          [168, 0.1846, 163.1962, 0.04503],
          [180, 0.3168, 169.9575, 0.0409],
          [192, 0.463, 173.7423, 0.03844],
          [204, 0.5862, 175.7256, 0.03761],
          [228, 0.6969, 176.8496, 0.03755],
          [240, 0.7127, 176.849, 0.03771]
        ],
        "female": [
          [24, 1.0446, 85.1725, 0.03998],
          [36, 0.8168, 94.0641, 0.04123],
          [48, 0.6656, 101.6031, 0.04264],
          [60, 0.5266, 108.9558, 0.04407],
          [72, 0.4079, 115.4459, 0.0454],
          [96, 0.2453, 127.7295, 0.04799],
          [120, 0.1738, 138.6338, 0.04949],
          [144, 0.211, 151.1544, 0.04795],
          [156, 0.3178, 156.9077, 0.04448],
          [168, 0.4703, 160.665, 0.04113],
          [180, 0.6217, 162.5327, 0.03917],
          [192, 0.7351, 163.3574, 0.03847],
          [204, 0.7887, 163.6572, 0.03836],
          [228, 0.7278, 163.7666, 0.03864],
          [240, 0.6656, 163.7666, 0.03889]
        ]
      }
    },
    "bmi": {
      "cdc": {
        "male": [
          [24, -2.0224, 16.5751, 0.08028],
          [36, -2.5017, 16.0025, 0.07647],
          [48, -2.9385, 15.681, 0.07473],
          [60, -3.1747, 15.5461, 0.07542],
          [72, -3.156, 15.5407, 0.07816],
          [96, -2.5476, 15.9805, 0.08637],
          [120, -1.7877, 16.8426, 0.09661],
          [144, -1.1727, 18.2665, 0.10685],
          [156, -0.9426, 19.0723, 0.1112],
          [168, -0.7565, 19.9451, 0.11444],
          [180, -0.6141, 20.833, 0.11655],
          [192, -0.5069, 21.6708, 0.1176],
          [204, -0.4272, 22.4142, 0.11785],
          [228, -0.3402, 23.5738, 0.11703],
          [240, -0.3244, 23.9066, 0.11651]
        ],
        "female": [
          [24, -1.2373, 16.284, 0.08321],
          [36, -1.7452, 15.7521, 0.08157],
          [48, -2.1523, 15.4737, 0.08191],
          [60, -2.3574, 15.4067, 0.08454],
          [72, -2.2789, 15.4867, 0.08915],
          [96, -1.7834, 15.9976, 0.10012],
          [120, -1.2223, 17.0197, 0.11235],
          [144, -0.8281, 18.6473, 0.12252],
          [156, -0.6903, 19.5606, 0.12571],
          [168, -0.5905, 20.4855, 0.12766],
          [180, -0.522, 21.3168, 0.12849],
          [192, -0.478, 21.9998, 0.12842],
          [204, -0.4519, 22.5533, 0.12776],
          [228, -0.4278, 23.3618, 0.12592],
          [240, -0.4249, 23.6062, 0.12511]
        ]
      }
    },
    "head_circumference": {
      "who": {
        "male": [
          [0, 1, 34.4618, 0.03686],
          [1, 1, 37.2759, 0.03133],
          [2, 1, 39.1285, 0.02997],
          [3, 1, 40.5135, 0.02918],
          [4, 1, 41.6317, 0.02868],
          [6, 1, 43.3306, 0.02817],
          [9, 1, 44.9998, 0.02792],
          [12, 1, 46.0661, 0.02791],
          [18, 1, 47.4013, 0.02814],
          [24, 1, 48.2694, 0.02844]
        ],
        "female": [
          [0, 1, 33.8787, 0.03496],
          [1, 1, 36.5463, 0.0321],
          [2, 1, 38.2521, 0.03052],
          [3, 1, 39.5328, 0.02976],
          [4, 1, 40.5817, 0.02924],
          [6, 1, 42.1995, 0.02866],
          [9, 1, 43.6842, 0.02839],
          [12, 1, 44.8888, 0.02843],
          [18, 1, 46.164, 0.02887],
          [24, 1, 47.1519, 0.02925]
        ]
      }
    }
  }
}
